<?xml version="1.0" encoding="UTF-8"?>
<project-private xmlns="http://www.netbeans.org/ns/project-private/1">
    <editor-bookmarks xmlns="http://www.netbeans.org/ns/editor-bookmarks/2" lastBookmarkId="0"/>
    <open-files xmlns="http://www.netbeans.org/ns/projectui-open-files/2">
        <group>
            <file>file:/D:/laravel5_vagrantbx/application/app/Http/Controllers/EstimatesController.php</file>
            <file>file:/D:/laravel5_vagrantbx/application/app/Http/routes.php</file>
            <file>file:/D:/laravel5_vagrantbx/application/resources/views/auth/register.blade.php</file>
            <file>file:/D:/laravel5_vagrantbx/application/resources/views/estimates/create.blade.php</file>
        </group>
    </open-files>
</project-private>
